nome,sobrenome,horas,data
Abby,Smith,
Ace,Jones,
Agnes,Williams,
Alesia,Taylor,
Alison,Davies,
Amy,Brown,
Anitra,Wilson,
Aurora,Evans,
Adelidis,Thomas,
Adnama,Johnson,
Alice,Roberts,
Aellis,Walker,
Alicia,Wright,
Aisyla,Robinson,
Alana,Thompson,
Asha,White,
Alena,Hughes,
Alexis,Edwards,
Airo,Green,
Adele,Lewis,
Aline,Wood,
Alis,Harris,
Alle,Martin,
Allegra,Jackson,
Allesi,Clarke,
Allie,Smith,
Ally,Jones,
Alma,Williams,
Alrisiel,Taylor,
Alyson.Alison,Davies,
Amanda,Brown,
Amber,Wilson,
Ambrianne,Evans,
Amelia,Thomas,
Addison,Johnson,
Anastasia,Roberts,
Andrea,Walker,
Andria,Wright,
Angela,Robinson,
Angie,Thompson,
Angnes,White,
Anippe,Hughes,
Apelle,Edwards,
